method,keep_ratio,num_samples,num_errors,avg_input_tokens,avg_output_tokens,avg_compression_ratio,avg_keyword_retention,answer_recall_pct,avg_latency_ms
cc_pa,0.3,20,0,1439.75,494.65,0.6461213745821321,54.63097857198502,60.0,3880.7303354042233
llmlingua,0.3,20,0,1439.75,197.05,0.8600052884439506,21.67670085832275,45.0,2746.971177046362
cc_pa,0.5,20,0,1439.75,843.8,0.39764331003675535,79.62977674180144,75.0,3243.8631979515776
llmlingua,0.5,20,0,1439.75,444.8,0.6849788469919522,41.51340001003918,45.0,3049.639218703669
cc_pa,0.7,20,0,1439.75,1103.55,0.2147158511032535,92.40526785614702,85.0,3459.740620852972
llmlingua,0.7,20,0,1439.75,797.25,0.4206761967954146,62.62901502359197,70.0,4219.344320752134
