reduce_ratio,num_samples,avg_input_tokens,avg_output_tokens,avg_compression_ratio,avg_latency_ms,avg_keyword_retention,answer_recall_pct
0.3,200,1318.725,1051.135,0.19896663915204243,3252.2417685099936,93.73319045998512,89.0
0.5,200,1318.725,792.83,0.3943375101035611,3181.197833729384,80.23274408944745,77.5
0.7,200,1318.725,466.175,0.6424674717197564,3107.5121185104945,54.81191435534967,59.0
