method,keep_ratio,num_samples,num_errors,avg_input_tokens,avg_output_tokens,avg_compression_ratio,avg_keyword_retention,answer_recall_pct,avg_latency_ms
cc_pa,0.5,200,0,1318.725,792.83,0.3943375101035611,80.23274408944745,77.5,3984.111797700243
llmlingua,0.5,198,2,1322.7474747474748,427.7121212121212,0.6712266344267575,42.86111030364232,42.92929292929293,4135.792445065468
