method,keep_ratio,num_samples,num_errors,avg_input_tokens,avg_output_tokens,avg_compression_ratio,avg_keyword_retention,answer_recall_pct,avg_latency_ms
cc_pa,0.3,200,0,1318.725,466.175,0.6424674717197564,54.81191435534967,59.0,3711.8750416551484
llmlingua,0.3,198,2,1322.7474747474748,182.40404040404042,0.8571319109337944,22.607280685774228,29.797979797979796,3583.123916641761
cc_pa,0.5,200,0,1318.725,792.83,0.3943375101035611,80.23274408944745,77.5,3984.111797700243
llmlingua,0.5,198,2,1322.7474747474748,427.7121212121212,0.6712266344267575,42.86111030364232,42.92929292929293,4135.792445065468
cc_pa,0.7,200,0,1318.725,1050.58,0.19938494591803707,93.72182541811326,89.0,3947.808111660488
llmlingua,0.7,197,3,1320.6852791878173,775.5076142131979,0.4048235089833432,64.61996699089669,62.43654822335025,5348.549554761065
