reduce_ratio,num_samples,avg_input_tokens,avg_output_tokens,avg_compression_ratio,avg_latency_ms,avg_keyword_retention,answer_recall_pct
0.3,3,55.666666666666664,44.666666666666664,0.19789915966386554,1733.2846250016398,93.41269841269839,100.0
0.5,3,55.666666666666664,32.0,0.4253734827264239,215.329291667634,68.17460317460318,100.0
0.7,3,55.666666666666664,15.666666666666666,0.7178571428571429,216.21808300066428,44.64285714285714,66.66666666666666
