method,keep_ratio,num_samples,num_errors,avg_input_tokens,avg_output_tokens,avg_compression_ratio,avg_keyword_retention,answer_recall_pct,avg_latency_ms
cc_pa,0.7,200,0,1318.725,1050.58,0.19938494591803707,93.72182541811326,89.0,3947.808111660488
llmlingua,0.7,197,3,1320.6852791878173,775.5076142131979,0.4048235089833432,64.61996699089669,62.43654822335025,5348.549554761065
