method,keep_ratio,num_samples,num_errors,avg_input_tokens,avg_output_tokens,avg_compression_ratio,avg_keyword_retention,answer_recall_pct,avg_latency_ms
cc_pa,0.3,200,0,1318.725,466.175,0.6424674717197564,54.81191435534967,59.0,3711.8750416551484
llmlingua,0.3,187,13,1321.6470588235295,182.77540106951872,0.8565965639852806,22.52957013488415,29.946524064171122,3239.6505434228075
