reduce_ratio,num_samples,avg_input_tokens,avg_output_tokens,avg_compression_ratio,avg_latency_ms,avg_keyword_retention,answer_recall_pct
0.3,200,12793.29,6928.295,0.42185218774299266,29217.78888647994,77.83734810706586,76.5
0.5,200,12793.29,5171.63,0.5675638383513683,28084.345623925463,69.18233910749703,68.0
0.7,200,12793.29,2984.12,0.749950285143679,27520.720270859514,50.20073070146604,54.50000000000001
