reduce_ratio,num_samples,avg_input_tokens,avg_output_tokens,avg_compression_ratio,avg_latency_ms,avg_keyword_retention,answer_recall_pct
0.3,50,13276.76,7031.68,0.4389613322205429,23260.55836753978,76.44473077976383,72.0
0.5,50,13276.76,5248.86,0.5802303201971398,23431.83081838186,67.97732442141019,60.0
0.7,50,13276.76,3038.1,0.7566586430694784,22665.552469218095,49.35902640731803,44.0
