reduce_ratio,num_samples,avg_input_tokens,avg_output_tokens,avg_compression_ratio,avg_latency_ms,avg_keyword_retention,answer_recall_pct
0.3,50,1426.58,1118.1,0.2067121914225235,3399.329370080377,93.33280862459429,88.0
0.5,50,1426.58,846.96,0.39685492373556497,3392.769757397473,80.0453561266263,78.0
0.7,50,1426.58,493.02,0.648043392416394,3302.035262559657,54.34501360184799,57.99999999999999
