reduce_ratio,num_samples,avg_input_tokens,avg_output_tokens,avg_compression_ratio,avg_latency_ms,avg_keyword_retention,answer_recall_pct
0.3,200,1318.725,1297.39,0.008744112839558081,760.9317189654394,99.3202903125244,100.0
0.5,200,1318.725,1297.39,0.008744112839558081,133.7458062551741,99.3202903125244,100.0
0.7,200,1318.725,1297.39,0.008744112839558081,129.6393081250426,99.3202903125244,100.0
