method,keep_ratio,num_samples,num_errors,avg_input_tokens,avg_output_tokens,avg_compression_ratio,avg_keyword_retention,answer_recall_pct,avg_latency_ms
cc_pa,0.3,200,0,1318.725,466.175,0.6424674717197564,54.81191435534967,59.0,3711.8750416551484
llmlingua,0.3,198,2,1322.7474747474748,182.40404040404042,0.8571319109337944,22.607280685774228,29.797979797979796,3583.123916641761
